Description,Real GDP of England at market prices,Real GDP of England at factor cost ,"Real UK GDP at market prices, geographically-consistent estimate based on post-1922 borders","Real UK GDP at factor cost, geographically-consistent estimate based on post-1922 borders","Index of real UK GDP at factor cost - based on changing political boundaries, ",Composite estimate of English and (geographically-consistent) UK real GDP at factor cost,HP-filter of log of real composite estimate of English and UK real GDP at factor cost,Export volumes,Import volumes,Nominal GDP of England at market prices,Nominal UK GDP at market prices,Nominal UK GDP at market prices.1,Population (GB+NI),Population (England),GDP deflator at market prices,Earnings per head,Consumer price index,Consumer price inflation,Real consumption wages,Wholesale/producer price index,Bank Rate,Bank Rate.1,Share prices,Bank of England Balance sheet,Bank of England Balance sheet.1,Coin in circulation outside the Bank of England,Public Sector Net Lending(+)/Borrowing(-),Public Sector Net Lending(+)/Borrowing(-).1,UK Public sector debt,UK Public sector debt.1,UK Public sector debt.2
1701,9656,8230,11295,9848,5.6515,0.6445,5.8,206,224,71.37,84.82,82.29,6613,5211,0.75,0.22,0.67,-13.04,41.31,1.24,4.5,4.5,0.76,5.47,5.46,11.57,0.2,0.3,17.7,19,21.5
1702,9407,8016,11004,9594,5.5057,0.6279,2.52,141,158,69.39,82.48,80.03,6657,5131,0.75,0.23,0.67,-1,43.11,1.29,4.5,4.5,0.81,5.32,5.24,11.41,0,-0.1,17.7,19.5,22.1
1703,8804,7501,10298,8979,5.1529,0.5876,-4.52,182,172,64.33,76.49,74.21,6710,5259,0.74,0.23,0.63,-5.05,45.33,1.29,4.5,4.5,0.94,5.69,5.64,11.27,0.2,0.2,17.8,21.2,24
1704,10481,8928,12260,10689,6.1345,0.6996,12.77,182,206,77.96,92.71,89.95,6740,5258,0.76,0.23,0.66,4.26,42.9,1.26,4.5,4.5,0.94,5.36,5.29,11.19,-0.2,-0.3,18.8,18.5,20.9
1705,9948,8471,11637,10146,5.8224,0.664,7.74,183,180,72.59,86.34,83.77,6754,5244,0.74,0.23,0.6,-9.18,47.09,1.26,4.5,4.5,0.81,4.88,4.77,10.96,-0.8,-0.9,19.4,20.5,23.1
1706,8424,7172,9854,8592,4.9307,0.5623,-8.41,184,157,59.7,71.02,68.91,6774,5334,0.72,0.23,0.68,13.48,41.99,1.21,4.5,4.5,0.74,4.81,4.7,10.88,-1.9,-2.7,22.8,29.1,33.1
1707,9464,8056,11071,9653,5.5396,0.6317,3.85,190,165,66.07,78.62,76.29,6804,5324,0.71,0.23,0.59,-12.87,48.17,1.18,4.5,4.5,0.8,5.27,5.21,10.67,-3.1,-4.1,25.2,29,33
1708,10074,8573,11784,10275,5.8964,0.6724,10.82,194,181,72.65,86.47,83.9,6834,5315,0.73,0.23,0.62,4.55,47.08,1.2,4.5,4.5,0.89,5.19,5.04,10.53,-2.9,-3.4,28,29.3,33.3
1709,8728,7426,10209,8901,5.1083,0.5826,-2.8,195,174,68.67,81.75,79.32,6857,5310,0.8,0.21,0.72,16.3,37.09,1.24,4.5,4.5,0.88,7.1,6.77,10.57,-4.1,-5.2,30.9,34.1,38.9
1710,7935,6750,9282,8093,4.6442,0.5296,-11.78,193,155,64.37,76.65,74.37,6883,5390,0.83,0.22,0.82,14.02,32.94,1.31,4.5,4.5,0.81,7.59,7.36,10.53,-5.9,-7.9,31.7,37.2,42.7
1711,8652,7358,10120,8824,5.0637,0.5775,-2.95,197,181,65.13,77.57,75.27,6884,5382,0.77,0.22,0.91,10.66,30.87,1.35,4.5,4.5,0.73,9.14,8.92,10.65,-8,-10.6,35.4,40.9,47
1712,8644,7349,10111,8815,5.0591,0.5769,-3.26,211,201,63.52,75.66,73.41,6880,5314,0.75,0.23,0.68,-25.19,41.45,1.21,4.5,4.5,0.76,10.69,10.33,10.53,-1.7,-2.4,45.9,54.2,62.5
1713,8272,7032,9677,8437,4.8419,0.5522,-8.3,227,224,62.41,74.36,72.15,6894,5310,0.77,0.23,0.65,-3.96,43.29,1.19,4.5,4.5,0.86,9.57,9.3,10.85,-0.6,-0.9,49.3,59.2,68.4
1714,9100,7734,10645,9281,5.3261,0.6074,0.16,264,229,69.46,82.79,80.32,6921,5394,0.78,0.23,0.69,6.19,41.83,1.13,4.5,4.5,0.88,12.03,11.68,11.92,-0.8,-1,50.4,54.5,62.8
1715,8844,7515,10346,9020,5.1767,0.5904,-4.08,228,218,64.72,77.15,74.85,6931,5398,0.75,0.24,0.7,0.97,42.31,1.07,4.5,4.5,0.94,8.92,8.59,13.43,-0.9,-1.2,53.9,62.3,72.1
1716,9179,7798,10737,9362,5.3725,0.6127,-2,232,224,67.42,80.39,77.99,6974,5428,0.75,0.23,0.67,-4.81,43.87,1.1,4,4.29,1,11.81,11.3,14.07,-1,-1.2,54.9,61,70.4
1717,9697,8236,11343,9889,5.6754,0.6472,1.75,264,245,72.18,86.08,83.52,7022,5437,0.76,0.24,0.64,-4.04,46.61,1.11,4,4,1.12,11.11,10.48,13.99,0.4,0.5,56.9,59.3,68.2
1718,10244,8699,11983,10448,5.9959,0.6838,5.57,210,257,75.86,90.49,87.8,7070,5491,0.76,0.24,0.63,-2.11,47.38,1.13,4,4,1.2,9.84,9.46,14.15,-0.2,-0.3,56.8,56.3,64.7
1719,10064,8544,11772,10264,5.8903,0.6717,2.3,225,207,73.1,87.22,84.62,7118,5530,0.74,0.23,0.65,4.3,44.08,1.14,5,4.67,1.19,9.48,9.1,14.56,0,0,58.2,59.8,68.8
1720,10706,9087,12523,10918,6.266,0.7146,7.27,228,235,80.44,96,93.15,7099,5510,0.77,0.24,0.69,5.15,43.25,1.13,5,5,2.42,11.9,11.28,15.34,0.3,0.3,59.2,55.4,63.5
1721,10288,8730,12034,10493,6.0215,0.6867,2.39,237,228,74.02,88.36,85.73,7095,5503,0.73,0.23,0.67,-1.96,43.03,1.1,5,5,1.03,9.76,9.49,15.37,-0.1,-0.2,58,58.6,67.6
1722,10398,8821,12163,10604,6.0857,0.694,2.86,272,246,73.25,87.45,84.85,7105,5506,0.72,0.22,0.62,-8,44.95,1.13,5,5,0.83,12.35,12.07,15.65,-0.5,-0.6,57.7,58.9,68
1723,10148,8608,11871,10350,5.9395,0.6774,0.11,244,251,73.1,87.29,84.7,7133,5523,0.74,0.24,0.6,-3.26,50.48,1.07,5,5,0.86,15.32,15.14,15.85,0.3,0.4,58.4,59.6,68.9
1724,10047,8520,11752,10246,5.8802,0.6706,-1.01,251,285,72.34,86.41,83.84,7160,5540,0.74,0.23,0.63,5.62,45.23,1.08,5,5,0.93,18.18,18.06,15.96,0.4,0.4,58.2,59.9,69.4
1725,10309,8740,12059,10514,6.0336,0.6881,1.59,280,274,75.65,90.38,87.69,7189,5558,0.75,0.22,0.65,3.19,42.52,1.08,5,5,1.1,17.1,17,15.93,0.3,0.4,57.4,56.6,65.5
1726,9990,8468,11686,10189,5.8474,0.6668,-1.46,254,258,74.96,89.58,86.91,7246,5602,0.77,0.23,0.69,5.15,41.83,1.14,5,5,1.02,16.62,16.44,16.25,0,0,57.4,57.1,66
1727,9930,8415,11616,10127,5.8119,0.6628,-1.99,240,262,73.45,87.79,85.18,7285,5628,0.76,0.23,0.65,-5.88,44.12,1.2,5,5,1.07,19.11,18.9,16.08,0.2,0.3,57.1,58.1,67.1
1728,10233,8670,11970,10436,5.9893,0.683,1.04,287,292,80,95.64,92.8,7218,5578,0.8,0.23,0.67,3.13,42.87,1.18,5,5,1.11,19.33,19.08,16.14,0.3,0.3,56.7,53.1,61.1
1729,9664,8186,11305,9856,5.6564,0.6451,-4.77,272,291,73.92,88.39,85.76,7109,5478,0.78,0.23,0.7,5.05,41.25,1.18,5,5,1.09,17.15,17,16,0.6,0.7,56.3,56.7,65.6
1730,9885,8372,11564,10082,5.7859,0.6598,-2.75,282,300,70.75,84.62,82.1,7028,5421,0.73,0.25,0.64,-8.65,48.16,1.21,5,5,1.14,18.84,18.55,15.86,0.7,0.9,55.7,58.4,67.8
1731,9728,8237,11380,9922,5.694,0.6493,-4.75,259,270,68.96,82.49,80.04,7022,5414,0.72,0.25,0.59,-7.37,52.04,1.18,5,5,1.17,19.79,19.64,15.75,0.8,0.9,55.6,59.7,69.4
1732,10375,8782,12136,10581,6.0723,0.6925,1.15,292,274,70.98,84.94,82.41,7050,5395,0.7,0.25,0.6,1.14,51.2,1.11,5,5,1.18,20.81,20.71,15.75,0.9,1,54.4,56.9,66
1733,10605,8975,12405,10816,6.2069,0.7078,2.74,291,309,73.15,87.54,84.94,7081,5438,0.71,0.25,0.57,-4.49,54.95,1.07,5,5,1.15,19.92,19.57,15.93,0.5,0.6,54,54.9,63.5
1734,10566,8941,12360,10777,6.1845,0.7053,1.77,274,274,73.11,87.53,84.92,7145,5515,0.71,0.24,0.59,3.53,51.37,1.07,5,5,1.05,20.23,20.1,15.76,-0.7,-0.9,53.3,54.4,62.7
1735,10316,8727,12067,10521,6.0378,0.6886,-1.2,308,315,72.74,87.1,84.51,7201,5561,0.72,0.25,0.6,1.14,51.46,1.03,5,5,1.09,20.3,20.21,15.68,-0.2,-0.2,53.5,54.9,63.3
1736,11082,9373,12964,11303,6.4865,0.7397,5.43,320,282,77.6,92.93,90.17,7250,5599,0.72,0.25,0.59,-2.25,53.46,1.02,5,5,1.22,20.53,20.43,15.84,0.2,0.2,53.8,52,59.6
1737,10489,8869,12270,10698,6.1391,0.7001,-0.54,332,273,72.37,86.69,84.11,7287,5629,0.71,0.25,0.63,6.9,49.6,1,5,5,1.24,18.55,18.44,15.89,1,1.1,52.6,54.5,62.6
1738,10685,9033,12499,10897,6.2538,0.7132,0.89,336,287,72.63,87.02,84.43,7314,5652,0.7,0.25,0.61,-2.15,50.47,1,5,5,1.23,20.11,20.02,15.85,0.9,1.1,51.5,53.3,61
1739,10613,8971,12415,10825,6.212,0.7084,-0.18,292,302,72.59,86.99,84.41,7354,5684,0.7,0.25,0.6,-2.2,51.32,1.08,5,5,1.13,19.69,19.59,15.64,0.4,0.4,51.2,53,60.6
1740,10435,8818,12207,10643,6.1077,0.6965,-2.29,270,259,77.08,92.39,89.65,7387,5712,0.76,0.24,0.67,12.36,43.65,1.1,5,5,1.09,20.43,20.25,15.54,-0.6,-0.7,51.8,50.7,57.7
1741,10740,9073,12563,10953,6.286,0.7169,0.14,315,306,80.31,96.29,93.42,7400,5723,0.77,0.24,0.73,8,41.68,1.2,5,5,1.1,19.16,19.07,15.68,-1.4,-1.5,53.3,50.3,57.1
1742,10987,9280,12852,11206,6.4307,0.7334,1.92,316,265,80.22,96.21,93.34,7323,5664,0.75,0.24,0.67,-8.33,45.8,1.2,5,5,1.11,19.12,18.96,15.75,-2.2,-2.3,55.7,52.7,59.7
1743,10729,9060,12550,10942,6.2795,0.7161,-1.02,373,301,77.39,92.82,90.06,7317,5660,0.74,0.25,0.63,-5.05,48.94,1.13,5,5,1.15,19.13,19.03,15.89,-2.5,-2.8,58.2,57,64.6
1744,10579,8931,12375,10789,6.1917,0.7061,-3.06,303,246,75.73,90.85,88.15,7360,5695,0.73,0.25,0.57,-10.64,55.54,1.21,5,5,1.12,19.76,19.63,16.07,-2.7,-3.1,61.5,61.6,69.8
1745,10735,9061,12557,10948,6.2829,0.7165,-2.33,299,303,74.87,89.85,87.17,7434,5750,0.72,0.25,0.57,1.19,54.35,1,5,5,1.11,18.48,18.39,16.2,-2.7,-3.1,65.2,66,74.8
1746,11072,9343,12951,11292,6.4803,0.739,-0.05,355,240,79.33,95.21,92.38,7479,5782,0.74,0.25,0.63,9.41,50.14,1.13,5,5,1.03,20.46,20.38,16.21,-3.8,-4.1,70.5,67.5,76.3
1747,11576,9767,13542,11807,6.7756,0.7727,3.54,322,275,81.69,98.07,95.15,7512,5805,0.72,0.25,0.61,-3.23,50.77,1.07,5,5,1.01,19.07,19.02,16.07,-4.6,-4.8,75.5,70.3,79.4
1748,11452,9660,13397,11680,6.7031,0.7644,1.59,367,314,82.36,98.9,95.95,7531,5817,0.74,0.25,0.63,4.44,49.28,1.1,5,5,1.01,17.93,17.84,16.27,-4.8,-5,81.1,74.9,84.6
1749,11384,9601,13317,11611,6.6634,0.7599,0.12,418,306,82.71,99.34,96.39,7578,5851,0.75,0.25,0.65,2.13,47.73,1.13,5,5,1.08,18.42,18.33,16.83,-3.7,-3.9,82.6,75.9,85.7
1750,11550,9738,13510,11779,6.7599,0.7709,0.65,419,300,83.58,100.41,97.42,7639,5888,0.74,0.25,0.64,-1.04,48.62,1.09,5,5,1.13,18.52,18.44,17.08,0.4,0.4,82.6,75,84.8
1751,11300,9525,13218,11524,6.6137,0.7542,-2.47,409,307,82.16,98.73,95.79,7696,5922,0.75,0.25,0.66,2.63,47.37,1.05,5,5,1.15,19.32,19.2,17.04,0.5,0.5,82.5,75.8,86.1
1752,11856,9992,13869,12092,6.9394,0.7914,1.34,386,305,88.47,106.34,103.17,7754,5961,0.77,0.25,0.7,6.41,44.52,1,5,5,1.2,19.41,19.22,17.47,0.3,0.3,81.1,69.2,78.6
1753,11961,10078,13992,12199,7.001,0.7984,1.18,404,333,87.7,105.42,102.29,7821,6008,0.75,0.25,0.69,-1.2,45.06,1,5,5,1.22,17.2,17.12,17.57,1.2,1.2,79,67.7,77.2
1754,11626,9794,13600,11858,6.8049,0.776,-2.78,389,312,84.53,101.64,98.62,7880,6052,0.75,0.25,0.68,-1.22,45.62,1.1,5,5,1.18,17,16.92,17,0.6,0.6,76.8,68,77.8
1755,11979,10089,14012,12217,7.0111,0.7996,-0.99,365,339,85.52,102.85,99.79,7937,6097,0.73,0.25,0.65,-4.94,47.99,1.13,5,5,1.1,18.25,18.15,16.75,-0.8,-0.8,77.2,67.6,77.4
1756,11776,9915,13775,12010,6.8923,0.786,-3.98,386,346,88.08,105.96,102.8,8004,6149,0.77,0.25,0.7,7.79,44.52,1.15,5,5,1.01,18.95,18.84,16.88,-2.7,-2.7,79.6,67.6,77.5
1757,12454,10484,14568,12702,7.2893,0.8313,0.28,407,357,99.45,119.66,116.1,8043,6178,0.82,0.23,0.89,27.71,32.68,1.16,5,5,1.03,19.27,19.18,16.83,-3.7,-3.2,84,63.4,72.3
1758,12627,10628,14771,12878,7.3907,0.8428,0.31,416,325,100,120.35,116.77,8070,6196,0.81,0.23,0.84,-5.66,34.64,1.25,5,5,1.04,16.27,16.18,17.82,-5.7,-4.9,89.8,67.3,76.9
1759,12827,10793,15005,13082,7.5076,0.8562,0.57,460,344,94.81,114.12,110.73,8104,6222,0.76,0.25,0.73,-13,42.47,1.25,5,5,0.95,15.68,15.58,19.83,-7.6,-6.9,98.7,77.7,89.1
1760,13200,11105,15441,13462,7.7258,0.8811,2.22,484,380,98.08,118.09,114.57,8157,6263,0.76,0.24,0.67,-8.05,44.75,1.26,5,5,0.94,16.86,16.75,20.29,-9.5,-8.3,112,85,97.4
1761,13725,11544,16055,13998,8.0333,0.9161,5.05,490,330,99.82,120.2,116.63,8218,6310,0.75,0.24,0.67,-1.25,45.31,1.25,5,5,0.9,16.88,16.57,20.54,-11.3,-9.7,126,94.5,108.4
1762,13343,11220,15609,13609,7.8099,0.8907,1.32,453,342,98.95,119.19,115.64,8255,6339,0.76,0.24,0.69,3.8,43.65,1.26,5,5,0.86,17.48,17.05,20.89,-9.9,-8.6,138,104.2,119.8
1763,13300,11181,15557,13564,7.7842,0.8877,0.21,484,432,103.94,125.23,121.5,8246,6327,0.8,0.27,0.71,2.44,48.11,1.26,5,5,1.06,16.51,16.39,21.7,-6.1,-5,144,103.3,118.7
1764,13294,11174,15551,13558,7.7809,0.8873,-0.53,536,401,104.9,126.42,122.66,8292,6361,0.81,0.26,0.77,9.52,42.67,1.25,5,5,0.98,16.26,16.09,21.89,-0.6,-0.5,145,102.7,118.1
1765,13186,11081,15425,13448,7.7178,0.8802,-1.99,480,424,105.14,126.72,122.95,8361,6415,0.82,0.26,0.82,5.43,40.47,1.23,5,5,1.09,15.68,15.51,22.21,-0.8,-0.7,145,102.1,117.6
1766,13362,11226,15631,13628,7.8209,0.8919,-1.3,464,444,107.62,129.75,125.89,8404,6449,0.83,0.26,0.82,0,40.47,1.23,5,5,1.15,15.22,15.04,23.04,0,0,144,99.5,114.7
1767,13454,11301,15738,13722,7.8748,0.8981,-1.27,457,466,111.72,134.72,130.71,8432,6467,0.86,0.26,0.94,15.46,35.05,1.23,5,5,1.24,14.81,14.65,23.87,0.4,0.3,144,95.7,110.4
1768,13578,11403,15883,13848,7.9473,0.9063,-1.02,498,459,108.99,131.46,127.54,8461,6487,0.83,0.29,0.92,-2.68,39.2,1.21,5,5,1.3,14.84,14.7,24.44,1.1,0.9,143,96.9,112.1
1769,14345,12044,16781,14631,8.3964,0.9575,3.79,443,460,110.76,133.62,129.65,8522,6531,0.8,0.29,0.79,-13.76,45.45,1.14,5,5,1.26,15.03,14.87,24.85,1.4,1.1,141,93.9,108.7
1770,13954,11713,16322,14231,8.167,0.9314,0.35,470,472,108.49,130.91,127.02,8586,6580,0.8,0.29,0.83,4.26,43.6,1.16,5,5,1.17,14.86,14.67,24.92,0.9,0.7,140,95.3,110.5
1771,14214,11929,16627,14497,8.3196,0.9488,1.51,564,495,115.48,139.38,135.24,8645,6623,0.84,0.29,0.87,5.97,41.59,1.16,5,5,1.19,16.45,15.89,25.47,0.7,0.5,139,88.8,102.9
1772,13851,11621,16203,14127,8.1071,0.9245,-1.8,533,514,116.11,140.18,136.01,8715,6674,0.87,0.29,0.92,4.81,40.02,1.21,5,5,1.21,14.37,14.02,26.24,0.4,0.3,139,88,102.1
1773,14098,11826,16491,14379,8.2516,0.941,-0.84,503,453,118.22,142.76,138.51,8787,6727,0.87,0.29,0.92,0.39,39.87,1.23,5,5,1.12,14.43,14.18,26.37,0.6,0.5,139,86.2,100.1
1774,13784,11560,16125,14059,8.0681,0.9201,-3.99,531,512,117.64,142.08,137.85,8855,6776,0.88,0.29,0.91,-1.46,40.63,1.21,5,5,1.15,15.36,15.16,25.51,1,0.7,138,86,100.1
1775,14225,11927,16640,14508,8.3258,0.9495,-1.86,511,524,122.16,147.57,143.18,8951,6848,0.89,0.29,0.9,-0.89,40.95,1.21,5,5,1.18,16.64,16.48,26.35,-0.3,-0.2,139,83.2,96.8
1776,14686,12310,17179,14978,8.5955,0.9802,0.23,463,424,123.69,149.46,145.01,9040,6913,0.87,0.29,0.84,-6.37,43.74,1.25,5,5,1.18,15.58,15.39,27.56,-3.6,-2.5,143,84.6,98.5
1777,15110,12664,17676,15411,8.8442,1.0086,1.95,418,398,130.67,157.92,153.23,9131,6979,0.89,0.3,0.88,4.36,42.99,1.26,5,5,1.14,15.53,15.37,27.57,-4.7,-3.1,149,83.9,97.5
1778,15005,12573,17552,15304,8.7825,1.0016,0.12,385,374,129.94,157.08,152.41,9230,7050,0.89,0.31,0.89,1.53,42.95,1.29,5,5,0.99,14.24,14.06,27.21,-6.8,-4.5,160,90,104.8
1779,14964,12535,17504,15262,8.7584,0.9988,-1.26,356,331,125.66,151.94,147.42,9320,7116,0.87,0.31,0.85,-5.12,45.46,1.36,5,5,0.95,15.47,15.25,28.56,-8.4,-5.7,174,101.2,118.2
1780,15648,13105,18304,15959,9.1586,1.0445,2.15,407,361,130.83,158.22,153.52,9376,7155,0.86,0.31,0.85,1.06,45.49,1.4,5,5,0.88,15.83,15.59,28.4,-10.7,-7,193,107.5,125.5
1781,16093,13475,18826,16414,9.4195,1.0742,4,325,395,150.95,182.6,177.17,9483,7206,0.97,0.32,0.94,9.84,42.96,1.36,5,5,0.85,14.97,14.57,29.4,-13.3,-7.5,215,104.3,121.1
1782,15933,13338,18638,16250,9.3256,1.0635,2.13,388,301,150.07,181.58,176.17,9561,7231,0.97,0.32,0.95,0.67,42.55,1.49,5,5,0.83,13.92,13.62,30.18,-14.3,-8.1,240,117.3,136.4
1783,15851,13267,18542,16166,9.2776,1.058,0.82,436,402,146.34,177.1,171.83,9590,7284,0.96,0.32,0.95,0.28,41.68,1.45,5,5,0.9,13.31,13.18,30.41,-10.9,-6.3,258,128.5,150
1784,15914,13316,18615,16230,9.3142,1.0622,0.45,458,531,141.22,170.94,165.86,9685,7301,0.92,0.31,0.9,-5,43.22,1.34,5,5,0.79,12.93,12.81,30.3,-10.8,-6.5,265,136.6,159.9
1785,15803,13220,18485,16117,9.2493,1.0548,-1.04,488,560,140.66,170.3,165.24,9781,7368,0.92,0.31,0.86,-4.37,45.25,1.33,5,5,0.88,14.12,13.52,31.29,-8.2,-4.9,267,137.9,161.5
1786,16079,13448,18809,16399,9.4111,1.0733,-0.19,506,535,151.25,183.17,177.72,9889,7434,0.97,0.32,0.86,-0.62,46.13,1.4,5,5,1.02,15.36,14.78,32.01,-1.1,-0.6,267,128.5,150.1
1787,15811,13222,18496,16126,9.2544,1.0554,-2.89,524,619,147.86,179.1,173.77,10009,7508,0.97,0.32,0.87,1.78,45.59,1.37,5,5,1.06,14.48,14.13,34.63,0.8,0.5,269,132.3,155
1788,15775,13188,18453,16089,9.2332,1.053,-4.33,532,638,142.68,172.86,167.71,10116,7592,0.94,0.32,0.88,1.54,45.74,1.4,5,5,1.11,15.7,15.22,37.52,0.5,0.3,268,136.2,160
1789,16128,13480,18866,16449,9.4399,1.0765,-3.53,590,641,143.66,174.08,168.9,10253,7666,0.92,0.33,0.88,-0.3,46.5,1.33,5,5,1.14,16.61,16.08,38.22,0.5,0.3,268,135,158.7
1790,17352,14500,20298,17697,10.1563,1.1582,2.19,609,684,158.42,192.02,186.31,10374,7762,0.95,0.34,0.94,6.5,45.05,1.33,5,5,1.14,16.59,16.15,40.76,0.3,0.2,268,122.8,143.9
1791,17427,14559,20385,17773,10.1998,1.1632,0.9,689,706,159.83,193.77,188.01,10507,7846,0.95,0.34,0.93,-1.14,46.37,1.33,5,5,1.22,16.12,15.69,42.13,0.8,0.4,268,121.7,142.6
1792,18127,15141,21204,18488,10.6097,1.2099,3.05,746,729,175.94,213.35,207,10632,7937,1.01,0.35,0.91,-2.31,48.46,1.3,5,5,1.35,15.29,14.96,42.6,0.9,0.4,267,110.5,129.1
1793,17833,14892,20860,18188,10.4377,1.1903,-0.44,573,660,171.26,207.73,201.55,10749,8022,1,0.37,0.96,6.12,47.83,1.43,5,5,1.17,14.35,13.89,42.9,-3.6,-1.8,272,115.1,134.8
1794,17256,14407,20185,17599,10.0999,1.1518,-5.64,734,766,167.33,203,196.96,10850,8101,1.01,0.38,0.99,3.07,48.46,1.46,5,5,1.08,14.22,13.78,43.92,-12.5,-6.3,288,124.3,146
1795,19130,15968,22378,19511,11.1969,1.2769,2.7,717,775,203.94,247.47,240.11,10978,8169,1.11,0.41,1.15,15.7,44.89,1.7,5,5,1.06,16.66,16.14,44.02,-20.7,-8.6,340,121.4,141.4
1796,19473,16251,22779,19861,11.3978,1.2998,2.52,874,797,213.55,259.2,251.49,11094,8256,1.14,0.43,1.18,2.42,45.84,1.72,5,5,1.07,12.21,11.71,43.35,-26.3,-10.5,381,130.1,151.4
1797,19332,16129,22614,19717,11.3151,1.2904,-0.13,872,703,214.03,259.84,252.11,11243,8334,1.15,0.44,1.06,-9.98,51.77,1.57,5,5,0.86,11.14,10.77,42.43,-32.3,-12.8,410,139.8,162.8
1798,19518,16281,22831,19906,11.4239,1.3028,-1.05,940,934,225.61,273.94,265.79,11377,8435,1.2,0.45,1.07,1.35,52.8,1.59,5,5,0.84,12.79,12.16,43.03,-19.3,-7.2,451,146.1,169.5
1799,20031,16705,23431,20429,11.7241,1.337,-0.29,930,940,249.66,303.2,294.18,11515,8526,1.29,0.48,1.3,20.95,45.77,1.84,5,5,0.98,12.69,12.05,42.34,-14.4,-4.9,469,138,159.3
1800,21007,17515,24574,21425,12.2955,1.4022,2.72,1028,1037,284.91,346.11,335.82,11596,8620,1.41,0.5,1.69,30.02,37.23,2.23,5,5,1.1,12.8,12.01,41.41,-19.4,-5.8,497,128.5,147.9
1801,21196,17668,24794,21618,12.4061,1.4148,1.95,1014,1079,303.98,369.36,411.9,11684,8671,1.49,0.5,1.59,-5.41,39.43,2.3,5,5,1.11,12.26,11.47,40.53,-26.4,-6.4,544,132,151.7
1802,21442,17865,25082,21868,12.56,1.4312,1.53,1166,1078,262.45,319.81,359.86,11788,8731,1.28,0.49,1.23,-22.84,50.08,1.81,5,5,1.21,10.21,9.53,39.52,-13.6,-3.8,562,156.1,181.5
1803,20993,17483,24557,21411,12.3069,1.4013,-2.1,922,999,258.63,315.44,355.8,11929,8832,1.28,0.5,1.21,-1.38,51.72,1.83,5,5,1.03,11.9,11.27,38.67,-10.6,-3,573,161,187.8
1804,20974,17461,24535,21391,12.3007,1.4,-3.68,956,1006,275.22,335.59,377.95,12097,8945,1.37,0.53,1.3,6.93,50.61,1.84,5,5,1.01,12.86,12.05,36.67,-12.6,-3.3,596,157.7,183.6
1805,22246,18517,26023,22689,13.0444,1.4849,0.72,924,1036,300.88,366.62,411.66,12280,9092,1.41,0.56,1.46,12.28,48.09,2.01,5,5,1.1,13.41,12.84,35.14,-16.4,-4,625,151.8,176
1806,22160,18439,25922,22601,12.9984,1.4792,-1.14,1001,1029,304.8,371.54,417.45,12461,9232,1.43,0.57,1.4,-3.81,50.47,1.99,5,5,1.18,11.48,10.95,33.7,-12.8,-3.1,646,154.8,179.7
1807,23608,19640,27616,24077,13.8459,1.5758,3.74,992,1107,326.13,397.37,445.44,12636,9368,1.44,0.57,1.39,-0.83,51.14,1.94,5,5,1.23,11.28,10.74,31.73,-8.5,-1.9,660,148.2,171.5
1808,22508,18716,26329,22956,13.2122,1.5024,-2.42,1000,812,318.13,387.98,435.95,12805,9498,1.47,0.57,1.46,5.34,48.71,2.14,5,5,1.26,11.12,10.46,31.74,-9.8,-2.2,671,154,178.7
1809,23215,19299,27156,23677,13.6303,1.5496,-0.68,1359,953,348.14,424.26,475.1,12976,9624,1.56,0.58,1.6,8.99,45.73,2.29,5,5,1.35,11.12,10.53,30.78,-12.3,-2.6,683,143.9,166.2
1810,24711,20538,28906,25203,14.5087,1.6494,4.26,1310,1270,383.96,467.57,521.87,13145,9738,1.62,0.6,1.61,1.18,46.22,2.27,5,5,1.36,11.94,10.37,29.61,-8.6,-1.6,690,132.2,152.1
1811,24455,20317,28607,24942,14.366,1.6324,1.97,908,740,366.85,447.21,500.57,13321,9864,1.56,0.6,1.64,1.61,45.6,2.15,5,5,1.28,12.07,10.15,28.33,-16.3,-3.3,705,140.8,162.6
1812,23448,19473,27429,23915,13.7825,1.5652,-3.45,1204,948,373.06,454.86,509.08,13525,9988,1.66,0.61,1.82,11.02,42,2.42,5,5,1.17,13.08,10.79,26.91,-24.5,-4.8,737,144.7,167.1
1813,24722,20527,28919,25213,14.5275,1.6501,0.6,1612,1110,401.57,489.4,546.43,13742,10141,1.69,0.61,1.83,0.64,41.69,2.5,5,5,1.11,12.58,10.59,25.86,-36.4,-6.7,819,149.9,172.5
1814,24175,20066,28279,24656,14.2115,1.6136,-2.9,1565,1109,382.97,467.28,523.46,13959,10274,1.65,0.6,1.65,-10.16,45.74,2.27,5,5,1.16,12.35,10.46,24.46,-35,-6.7,846,161.7,186.9
1815,26757,22209,31299,27289,15.7188,1.786,5.94,1791,1214,395.2,482.21,539.78,14191,10458,1.54,0.58,1.41,-14.4,51.1,1.92,5,5,1.08,13.86,11.51,22,-20.4,-3.8,891,165.1,190.6
1816,25355,21037,29660,25860,14.9035,1.6924,-0.78,1541,1044,350.45,428.47,482.5,14430,10628,1.44,0.57,1.54,9.52,45.97,1.75,5,5,0.97,13.58,11.49,19.91,-2.1,-0.4,886,183.6,213.7
1817,25781,21386,30158,26294,15.1547,1.7209,-0.54,1543,1181,363.81,444.74,500.15,14660,10802,1.47,0.56,1.56,0.99,44.84,1.95,5,5,1.04,19.26,12.67,17.86,-1.1,-0.2,879,175.7,175.7
1818,25756,21358,30128,26268,15.1436,1.7192,-2.19,1702,1459,377.98,462.06,519.26,14886,10957,1.53,0.55,1.52,-2.41,44.94,2.05,5,5,1.27,14.48,11.92,22.37,1.9,0.4,878,169.2,169.2
1819,25333,21000,29634,25837,14.9021,1.691,-5.56,1415,1191,352.32,431.34,486.83,15104,11122,1.46,0.54,1.46,-4.12,46.52,1.89,5,5,1.26,12.78,10.37,22.33,0.6,0.1,873,179.4,179.4
1820,27391,22703,32041,27936,16.1066,1.8283,0.35,1533,1280,357.26,437.52,493.96,15335,11268,1.37,0.53,1.36,-7.12,48.64,1.71,5,5,1.2,12.74,10.41,20.02,1.5,0.3,873,176.8,176.8
1821,27858,23087,32587,28412,16.3766,1.8595,0.02,1621,1195,341.81,419.09,474.56,15586,11457,1.29,0.5,1.26,-7.2,49.86,1.47,5,5,1.25,13.05,10.79,27.86,3.2,0.7,868,182.9,182.9
1822,28396,23531,33217,28961,16.6763,1.8954,-0.19,1655,1206,325.22,399.14,453,15844,11652,1.2,0.49,1.16,-7.69,53.16,1.3,4,4.42,1.36,12.24,9.92,32.1,3.4,0.8,879,194.1,194.1
1823,29233,24222,34196,29814,17.1502,1.9513,0.53,1642,1410,340.12,417.27,472.29,16098,11839,1.22,0.49,1.2,3.39,50.57,1.44,4,4,1.43,13.25,10.84,30.19,4.2,0.9,883,186.9,186.9
1824,30836,25549,36071,31449,18.0711,2.0583,3.67,1818,1477,366.04,448.76,506.08,16335,12017,1.24,0.49,1.25,4.18,49.01,1.5,4,4,1.72,13.09,11.32,34.2,4.2,0.8,873,172.5,172.5
1825,31532,26120,36885,32159,18.466,2.1047,3.72,1709,1847,404.97,495.94,556.48,16562,12208,1.34,0.5,1.32,5.37,47.23,1.67,5,4.08,1.62,12.4,10.76,41.2,3.6,0.6,860,154.5,154.5
1826,29848,24716,34915,30442,17.4806,1.9923,-3.93,1648,1547,354.07,434.65,490.96,16780,12374,1.24,0.5,1.26,-4.35,49.31,1.48,5,5,1.49,12.17,10.07,43.15,-0.9,-0.2,860,175.2,175.2
1827,32147,26618,37605,32787,18.8078,2.1458,1.3,1920,1787,368.46,452.22,509.78,16999,12528,1.2,0.49,1.2,-4.55,50.65,1.47,4,4.5,1.52,14.99,11.1,43.64,-1.2,-0.2,857,168.1,168.1
1828,32246,26693,37720,32887,18.8549,2.1524,-0.62,1954,1826,368.09,451.97,509.61,17238,12728,1.2,0.49,1.21,0.97,50.1,1.42,4,4,1.52,14.83,10.73,43.88,3,0.6,852,167.1,167.1
1829,32519,26914,38040,33166,19.0044,2.1706,-2.03,2103,1805,355.75,437.21,493.74,17473,12903,1.15,0.49,1.24,2.14,48.96,1.42,4,4,1.55,14.31,10.36,44.98,1.6,0.3,850,172.1,172.1
1830,33977,28116,39745,34653,19.8403,2.2679,0.06,2096,1893,369.25,453.72,511.41,17703,13074,1.14,0.48,1.2,-3.17,50.11,1.4,4,4,1.48,15.99,10.97,45.29,2.6,0.5,840,164.3,164.3
1831,35067,29032,40957,35765,20.4206,2.3407,0.88,2191,2048,363.33,446.55,503.01,17941,13254,1.09,0.48,1.22,1.27,49.77,1.41,4,4,1.4,15.48,10.57,45.65,-0.9,-0.2,838,166.6,166.6
1832,35214,29128,41180,35914,20.552,2.3505,-1.05,2361,1766,361.06,444.38,502.58,18143,13394,1.08,0.49,1.17,-3.53,51.76,1.35,4,4,1.5,15.76,9.89,46.19,0.5,0.1,838,166.8,166.8
1833,35652,29496,41641,36362,20.7861,2.3797,-2.18,2408,1858,352.97,434.55,491.71,18338,13565,1.04,0.49,1.13,-4.12,53.88,1.31,4,4,1.6,16.99,11,45.63,1.4,0.3,838,170.5,170.5
1834,36940,30577,43083,37675,21.4903,2.4657,-1,2537,2020,373.84,459.83,518.54,18562,13760,1.07,0.49,1.1,-2.47,55.38,1.28,4,4,1.65,17.05,11.45,44.39,1.5,0.3,834,160.9,160.9
1835,39260,32492,45695,40041,22.8411,2.6206,2.76,2781,2009,394.86,485.27,545.41,18798,13921,1.06,0.48,1.06,-3.51,56.91,1.25,4,4,1.77,16.03,10.1,42.43,-15.2,-2.8,846,155.1,155.1
1836,40197,33261,46899,40996,23.3888,2.6831,2.87,2910,2397,427.41,524.89,588.18,19035,14100,1.12,0.49,1.16,9.72,53.02,1.41,5,4.42,1.97,15.66,10.26,43.05,-1.4,-0.2,846,143.7,143.7
1837,39908,33022,46499,40702,23.2077,2.6638,0,2646,2249,414.78,509.84,572.7,19244,14261,1.1,0.5,1.2,3.62,52.01,1.39,5,5,2.08,14.04,8.83,39.21,-0.7,-0.1,842,147,147
1838,41865,34655,48750,42698,24.3022,2.7944,2.73,3127,2503,436.11,535.57,599.5,19460,14416,1.1,0.51,1.25,4.09,50.91,1.45,4,4.08,2.33,15.37,9.25,39.2,-0.4,-0.1,840,140.2,140.2
1839,42844,35500,49807,43696,24.7779,2.8598,3.07,3243,2665,453.99,557.09,621.69,19720,14594,1.12,0.52,1.29,3.29,50.05,1.54,6,5.17,2.3,14.2,8.12,39.32,-1.6,-0.3,839,135,135
1840,43014,35596,50031,43870,24.9678,2.8712,1.54,3412,2700,435.24,534.79,599.11,19971,14769,1.07,0.52,1.28,-0.97,50.81,1.51,5,5,2.51,12.91,7.5,36.6,-1.6,-0.3,839,140,140
1841,41708,34500,48661,42538,24.2312,2.784,-3.5,3561,2690,424.09,521.23,584.13,20198,14937,1.07,0.52,1.26,-1.82,51.75,1.44,5,5,2.46,13.95,7.61,33.46,-2.1,-0.4,841,143.9,143.9
1842,41400,34256,48237,42224,24.0293,2.7634,-6.3,3473,2556,402.1,494.24,554.76,20410,15073,1.02,0.52,1.19,-5.69,54.55,1.31,4,4.25,2.59,14.69,8.24,34.44,-4,-0.7,839,151.2,151.2
1843,42866,35377,49915,43718,25.126,2.8612,-5.04,3853,2605,399.66,492.57,558.52,20624,15264,0.99,0.51,1.09,-8.07,58.47,1.18,4,4,3,16.75,9.88,37.08,1.3,0.2,838,150.1,150.1
1844,46062,38158,53601,46978,26.7008,3.0746,-0.2,4172,2894,433.37,532.63,599.25,20836,15455,0.99,0.51,1.13,3.28,56.89,1.2,2.5,3.5,3.41,16.83,10.44,38.17,3.4,0.6,834,139.1,139.1
1845,48273,39956,56132,49233,28.0977,3.2221,2.06,4246,3236,460.47,566.23,638.94,21050,15648,1.01,0.52,1.13,0.32,57.3,1.3,3.5,2.71,4.09,11.76,10.09,41.05,3.8,0.6,830,129.9,129.9
1846,50688,42349,58825,51697,28.5495,3.3834,4.5,4165,3137,487.59,594.09,649,21264,15841,1.01,0.54,1.26,11.88,53.3,1.36,3,3.29,4.2,12.57,11.33,42.31,2.8,0.4,826,127.3,127.3
1847,49980,41858,58026,50974,27.8192,3.3361,0.69,4335,3863,516.97,628.29,677.97,21478,16035,1.08,0.55,1.36,7.15,51.01,1.46,5,5.29,3.54,10.08,9.07,43.54,-3,-0.4,832,122.7,122.7
1848,51495,42828,59733,52519,29.1613,3.4372,1.32,4253,3684,480.66,588.64,647.71,21693,16230,0.99,0.53,1.16,-14.4,57.09,1.21,3,3.63,3.44,10.06,8.48,40.74,-1.2,-0.2,831,128.4,128.4
1849,52159,43084,60623,53197,30.0151,3.4816,0.28,5495,4230,477.88,589.58,660.33,21908,16426,0.97,0.52,1.11,-4.09,58.47,1.15,2.5,2.92,3.36,10.8,9.05,38.63,1.6,0.2,829,125.5,125.5
1850,51526,42485,59878,52551,29.6191,3.4393,-3.25,5841,4075,442.07,546.2,610.53,22123,16622,0.91,0.52,1.07,-4.26,60.78,1.18,3,2.54,3.99,11.3,9.36,39.52,2.4,0.4,824,134.9,134.9
1851,53894,44345,62607,54966,30.9614,3.5974,-1.08,6187,4360,452.1,560.37,627.83,22338,16820,0.9,0.52,1.04,-2.1,62.08,1.16,3,3,4.28,11.67,10.02,40.83,2.3,0.4,818,130.3,130.3
1852,55609,45692,64595,56716,31.9417,3.7118,-0.25,6505,4230,468.91,581.59,650.24,22564,17018,0.9,0.53,1.06,1.37,62.06,1.2,2,2.13,5.53,12.56,10.38,49.48,2,0.3,814,125.1,125.1
1853,57530,47353,66869,58675,32.7964,3.8401,0.86,7489,4995,529.27,655.29,727.01,22789,17218,0.98,0.56,1.22,15.66,56.99,1.45,5,3.79,5.11,12.08,10.42,56.51,2.7,0.4,804,110.5,110.5
1854,59762,49449,69367,60951,33.5254,3.989,2.43,7448,4822,582.84,717.51,782.4,23015,17418,1.03,0.59,1.32,7.91,55.82,1.57,5,5.13,5.15,9.63,8.44,58.49,-5.5,-0.7,806,103,103
1855,59413,48944,68884,60595,33.664,3.9657,-0.31,7618,4417,578.21,715.24,788.57,23241,17618,1.04,0.6,1.35,1.97,56.08,1.53,7,5,5.37,8.42,7.4,63.42,-19.2,-2.4,827,104.9,104.9
1856,62294,51179,72193,63534,35.5078,4.1581,2.32,8758,5224,603.02,747.97,829.61,23466,17820,1.04,0.61,1.35,0.53,56.69,1.53,6,5.92,6.12,8.67,7.85,66.16,-8.8,-1.1,836,100.8,100.8
1857,62632,51612,72707,63878,35.3868,4.1806,0.81,8852,5245,603.04,745.98,820.81,23689,18021,1.03,0.61,1.32,-2.32,57.5,1.62,8,6.63,5.91,8.23,7.49,68.07,-2,-0.2,833,101.4,101.4
1858,62362,51370,72480,63603,35.2451,4.1626,-1.65,8805,5287,575.05,711.93,784.5,23914,18223,0.98,0.59,1.19,-10.16,62.12,1.42,2.5,3.04,6.64,9.52,7.93,66.14,-0.7,-0.1,829,105.7,105.7
1859,65042,53465,75400,66336,36.9305,4.3415,0.52,9612,5654,612.08,759.02,839.25,24138,18426,1.01,0.6,1.2,0.98,62.07,1.46,2.5,2.79,7.01,10.48,8.62,66,0.3,0,824,98.2,98.2
1860,66378,54738,77082,67698,37.3519,4.4306,0.49,10168,6458,632.84,782.08,856.54,24360,18629,1.01,0.61,1.29,7.84,59.19,1.51,6,4.38,7.48,9.13,8.03,66.37,-2.3,-0.3,822,96,96
1861,67646,55782,78497,68991,38.0408,4.5153,0.26,9829,6831,655.8,810.8,888.27,24585,18833,1.03,0.62,1.31,1.18,59.23,1.49,3,5.17,7.31,7.97,7.16,70.17,-3.3,-0.4,821,92.5,92.5
1862,66904,55285,77711,68235,37.9338,4.4658,-3.05,9354,6976,662.08,816.57,891.02,24862,19073,1.05,0.62,1.3,-0.62,60.05,1.56,3,2.58,7.99,8.48,7.32,74.77,-2,-0.2,821,92.2,92.2
1863,70496,58444,81695,71898,39.9682,4.7055,-0.16,10060,7043,725.62,891.41,964.2,25142,19315,1.09,0.62,1.25,-3.99,62.42,1.6,7,4.42,8.74,8.34,7.21,80.7,0.1,0,818,84.9,84.9
1864,71328,59235,82739,72747,40.4514,4.7611,-1.43,10053,7046,765.82,939.13,1012.23,25425,19561,1.14,0.63,1.23,-1.15,63.91,1.62,6,7.17,9.55,7.51,6.6,85.12,1.4,0.1,814,80.4,80.4
1865,74757,62081,86675,76244,42.0077,4.9899,0.69,10962,7466,774.7,950.77,1028.31,25712,19810,1.1,0.65,1.25,1.74,64.66,1.57,7,4.75,9.84,7.22,6.29,86.58,0.1,0,806,78.4,78.4
1866,75615,62864,87797,77119,42.3457,5.0472,-0.85,11783,8171,800.61,981.9,1061.23,26003,20062,1.12,0.67,1.33,6.35,62.97,1.58,3.5,6.63,9.49,6.84,6.07,85.51,0.3,0,802,75.5,75.5
1867,76047,63140,88388,77560,42.2733,5.076,-3.07,11973,8044,789.03,969.36,1053.75,26296,20317,1.1,0.68,1.41,5.3,60.36,1.54,2,2.46,9.19,7.8,6.68,82.04,-2.9,-0.3,799,75.8,75.8
1868,79038,65704,91818,80610,43.9076,5.2757,-2.08,12855,8633,798.96,980.19,1063.86,26594,20575,1.07,0.67,1.36,-2.99,61.77,1.53,3,2.13,9.7,8.03,6.79,84.48,-4.5,-0.4,798,75,75
1869,80781,67331,93878,82388,45.1347,5.392,-2.81,13445,8911,824.75,1008.54,1088.02,26896,20837,1.07,0.67,1.27,-6.57,65.49,1.51,3,3.13,10.44,7.45,6.49,83.67,3.8,0.3,794,73,73
1870,87553,73072,101221,89295,48.687,5.8441,2.36,14320,9376,882.87,1077.8,1159.9,27201,21102,1.06,0.68,1.28,0.42,66.32,1.49,2.5,3.08,11.29,7.82,6.67,88.13,2,0.2,789,68,68
1871,92367,77196,107008,94205,51.18,6.1654,4.95,16609,10964,947.94,1155.96,1242.9,27516,21376,1.08,0.7,1.31,2.8,66.57,1.54,3,2.92,13.55,7.71,6.5,95.42,2.5,0.2,785,63.2,63.2
1872,92476,77263,107484,94316,51.2289,6.1727,2.49,16805,11014,1000,1220,1312,27855,21669,1.13,0.74,1.37,4.22,67.34,1.69,5,4.04,13.99,7.55,6.39,96.43,5.2,0.4,779,59.4,59.4
1873,92935,77675,108196,94783,51.6199,6.2033,0.63,16216,11510,1047,1277,1371,28198,21966,1.18,0.78,1.38,0.78,70.31,1.7,5.5,4.75,14.26,7.41,6.2,96.8,2.2,0.2,773,56.4,56.4
1874,96998,81141,112689,98928,53.7708,6.4745,2.77,16412,11708,1046,1276,1367,28545,22266,1.13,0.77,1.32,-4.54,73.36,1.57,6,3.79,14.09,6.42,5.44,97.12,0.7,0,768,56.2,56.2
1875,97771,81637,113836,99716,54.2596,6.5261,1.61,16478,12403,1020,1246,1338,28897,22571,1.09,0.77,1.3,-1.49,74.01,1.47,4,3.17,14.59,6.09,5.32,98.15,0.7,0.1,769,57.5,57.5
1876,98094,81851,114313,100045,54.6018,6.5476,0.17,16412,12700,1006,1229,1321,29254,22880,1.08,0.77,1.3,0.21,74.07,1.44,2,2.46,15.05,6.61,5.73,95.21,1,0.1,769,58.2,58.2
1877,98937,82453,115398,100906,54.8951,6.6039,-0.64,16805,12998,991,1212,1306,29616,23194,1.05,0.77,1.3,-0.07,74.12,1.44,4,2.92,15.74,7.39,6.26,93.51,-1.2,-0.1,770,59,59
1878,99274,82800,115250,101249,55.335,6.6264,-1.92,17066,13097,974,1191,1281,29983,23511,1.03,0.76,1.26,-3.03,75.26,1.34,5,3.75,15.18,7.15,6.18,92.55,-1.7,-0.1,772,60.2,60.2
1879,97299,80947,113309,99234,54.1129,6.4946,-5.53,18178,13593,934,1144,1233,30354,23833,1.01,0.75,1.2,-4.47,77.38,1.28,3,2.38,17.17,8.49,7.11,90.31,-6.6,-0.5,771,62.5,62.5
1880,104989,87683,121376,107077,58.3657,7.0079,0.46,20009,14635,1007,1229,1316,30731,24159,1.01,0.75,1.23,2.01,76.21,1.35,3,2.75,18.93,8.23,6.85,88.04,-1.1,-0.1,767,58.3,58.3
1881,107694,89818,124713,109837,59.5389,7.1884,1.38,21447,14288,1020,1247,1335,31094,24474,1,0.76,1.21,-1.24,77.87,1.3,5,3.54,21.38,7.67,6.36,90.89,0.9,0.1,761,57,57
1882,109564,91374,126792,111743,60.5654,7.3132,1.51,21840,15032,1050,1284,1374,31403,24797,1.01,0.76,1.22,0.15,78.53,1.3,5,4.17,21.02,6.9,5.99,92.33,0.4,0,755,55,55
1883,113095,94390,130545,115344,62.5207,7.5489,3.13,22624,15875,1056,1290,1380,31717,25013,0.99,0.77,1.22,0,78.91,1.27,3,3.46,20.48,6.93,5.91,89.46,0.7,0,748,54.2,54.2
1884,111824,93369,129038,114048,61.983,7.4641,0.47,22494,15330,1028,1256,1341,32033,25292,0.97,0.76,1.17,-3.44,81.33,1.17,5,3.04,20.52,6.94,5.93,90.03,-0.2,0,741,55.3,55.3
1885,110492,92272,127654,112690,61.4453,7.3752,-2.27,21643,15479,1008,1231,1312,32353,25574,0.96,0.76,1.13,-3.47,83.32,1.11,4,2.83,20.38,7.34,6.11,89.06,-2.1,-0.2,741,56.5,56.5
1886,110923,92670,128038,113130,61.8853,7.404,-3.48,22232,15627,1017,1241,1320,32677,25859,0.97,0.75,1.12,-0.9,83.35,1.07,5,3.08,20.13,7.04,5.89,89.04,-0.1,0,738,55.9,55.9
1887,115760,96792,133523,118063,64.4272,7.7269,-0.89,23474,16520,1060,1292,1371,33005,26148,0.97,0.75,1.1,-2.01,85.49,1.06,4,3.25,20.03,6.97,5.83,85.33,2.5,0.2,713,52,52
1888,119893,100156,138189,122278,66.4802,8.0027,0.88,24913,17066,1097,1337,1422,33336,26440,0.97,0.76,1.1,-0.21,86.83,1.08,5,3.29,22.07,7.04,5.93,88.2,3.3,0.2,699,49.2,49.2
1889,123776,103469,142655,126238,68.631,8.2619,2.29,26025,18554,1157,1409,1495,33670,26735,0.99,0.78,1.11,0.82,87.91,1.11,6,3.67,23.47,6.66,5.62,90.64,3.9,0.3,691,46.2,46.2
1890,124945,104482,144047,127430,69.2176,8.3399,1.43,25959,18554,1185,1443,1530,34009,27003,1,0.81,1.11,0.41,90.71,1.1,5,4.58,23.73,6.56,5.44,93.64,3.3,0.2,685,44.8,44.8
1891,128750,107613,148547,131312,70.7819,8.5939,2.6,24717,18951,1182,1441,1533,34358,27304,0.97,0.82,1.12,0.81,91.22,1.1,3.5,3.33,23.03,6.83,5.78,94.95,2.7,0.2,679,44.3,44.3
1892,125265,104805,144670,127756,69.3154,8.3612,-2.04,24521,19249,1157,1410,1497,34736,27618,0.97,0.82,1.12,0.4,91.17,1.05,3,2.5,22.46,6.66,5.59,97.88,2.1,0.1,673,44.9,44.9
1893,123949,103785,143258,126415,68.8266,8.2735,-5.09,23147,18852,1159,1410,1496,35119,27936,0.98,0.82,1.1,-1.91,92.63,1.04,3,3.04,21.7,6.91,5.67,97.57,0.4,0,668,44.7,44.7
1894,130419,109370,150222,133013,72.2484,8.7053,-2.13,24324,20390,1226,1488,1573,35506,28257,0.99,0.82,1.07,-2.66,95.7,0.97,2,2.08,23.26,7.26,5.83,94.54,0.6,0,661,42,42
1895,134635,112908,155163,137313,74.5947,8.9867,-1.19,26090,21432,1252,1519,1608,35898,28582,0.98,0.82,1.06,-1.37,97.03,0.95,2,2,25.25,7.49,5.72,102.7,3.5,0.2,654,40.7,40.7
1896,140223,117844,161399,143012,77.8698,9.3597,0.56,27201,22622,1297,1571,1659,36294,28911,0.97,0.83,1.06,-0.21,98.45,0.94,4,2.58,27.4,9.61,7.08,103.3,3,0.2,647,39,39
1897,141821,119279,163651,144642,78.5542,9.4664,-0.63,27332,23119,1330,1611,1700,36694,29344,0.98,0.85,1.08,2.03,98.01,0.96,3,2.63,28.49,8.15,6.38,106.2,3.5,0.2,640,37.7,37.7
1898,149038,125559,171493,152003,82.3182,9.9481,2.05,27398,23912,1406,1700,1790,37099,29580,0.99,0.86,1.1,1.78,98.1,0.99,4,3.25,28.94,7.57,6.2,106.7,1.1,0.1,636,35.5,35.5
1899,154849,130684,177872,157929,85.3978,10.336,3.69,28705,24408,1496,1805,1895,37509,29921,1.01,0.88,1.09,-1.03,100.84,1.05,6,3.83,29.36,7.08,5.76,118.1,-10.3,-0.5,638,33.7,33.7
1900,154325,130372,177814,157395,84.86,10.301,1.28,27528,25053,1555,1875,1969,37923,30253,1.05,0.9,1.13,4.06,100,1.16,4,3.88,31.23,6.93,5.68,116.9,-71,-3.6,689,35,35
1901,158357,133938,181798,161507,86.962,10.5701,1.93,28248,26145,1569,1890,1984,38328,30594,1.04,0.91,1.13,-0.3,101.34,1.08,4,3.75,31.77,6.64,5.4,119.2,-83,-4.2,753,37.9,37.9
1902,160587,135940,184538,163782,88.1841,10.719,1.51,29425,26294,1577,1898,1994,38696,30907,1.03,0.91,1.13,0,101.34,1.07,4,3.29,32.62,6.97,5.65,119.9,-60,-3,791,39.7,39.7
1903,158697,134479,182394,161854,87.3531,10.5928,-1.41,30602,26194,1555,1870,1970,39068,31202,1.03,0.92,1.14,1.1,100.54,1.07,4,3.71,32.02,6.61,5.34,117.4,-28,-1.4,795,40.4,40.4
1904,160930,136523,184711,164131,88.4773,10.7419,-1.72,31125,26492,1560,1874,1973,39444,31522,1.01,0.92,1.14,-0.4,100.94,1.08,3,3.25,34.4,6.63,5.33,114.5,-18,-0.9,796,40.4,40.4
1905,166445,141307,190836,169756,91.1659,11.11,-0.06,33871,27187,1619,1944,2040,39823,31844,1.02,0.92,1.14,0.4,101.15,1.11,4,3.08,36.84,6.86,5.35,121,-10,-0.5,791,38.8,38.8
1906,170455,144815,195515,173846,93.4145,11.3777,0.6,36094,28080,1685,2022,2118,40206,32171,1.03,0.93,1.14,-0.1,102.48,1.18,6,4.33,39.17,6.99,5.67,122,-2,-0.1,782,36.9,36.9
1907,174467,148360,200255,177938,95.1254,11.6455,1.16,38383,28526,1748,2094,2195,40593,32653,1.05,0.95,1.16,1.59,103.1,1.23,7,5.13,37.46,6.42,5.14,124,6,0.3,767,34.9,34.9
1908,167357,142490,192159,170687,91.5569,11.1709,-4.82,35571,27236,1664,1993,2099,40984,32834,1.04,0.96,1.17,1.27,102.5,1.13,2.5,2.83,39.14,6.47,5.11,125,1,0,756,36,36
1909,171888,146442,196673,175307,94.05,11.4733,-4.05,37598,28377,1701,2035,2139,41380,33170,1.03,0.96,1.17,0.19,102.3,1.14,4.5,3.5,42.11,6.54,5.23,129,-8,-0.4,760,35.6,35.6
1910,176791,150726,202248,180307,96.543,11.8005,-3.23,40410,29221,1775,2122,2224,41767,33382,1.05,0.97,1.2,2.12,101.06,1.2,4.5,3.83,42.78,6.13,4.84,133,6,0.3,740,33.3,33.3
1911,183041,155637,209312,186682,99.7692,12.2177,-1.77,41456,30064,1842,2208,2312,42132,33704,1.06,0.98,1.2,0.28,102.23,1.23,4,3.71,42.52,6.16,4.82,141,7,0.3,722,31.2,31.2
1912,186108,158122,213042,189811,101.1379,12.4225,-2.05,43745,32247,1920,2304,2407,42341,33852,1.08,1.01,1.24,2.82,101.61,1.31,5,4.08,43.42,6.42,5.09,147,14,0.6,713,29.6,29.6
1913,194716,165319,222506,198589,105.4885,12.997,0.7,45183,33338,2002,2405,2503,42604,34055,1.08,1.04,1.24,0.64,104.22,1.31,5,4.75,42.2,6.01,4.82,156,11,0.4,707,28.3,28.3
1914,199291,169064,227045,203255,107.9301,13.3024,1.53,37478,31405,2025,2434,2533,43017,34444,1.07,1.05,1.28,2.55,102.65,1.31,5,4.25,42.78,5.9,4.59,165,-115,-4.5,1048,41.4,41.4
1915,212022,179734,239587,216240,114.7627,14.1522,6.66,31104,33170,2425,2916,3034,43279,34818,1.22,1.21,1.43,12.5,105.7,1.64,5,5,32.23,10.63,8.72,146,-772,-25.4,1933,63.7,63.7
1916,216188,183133,242365,220488,116.9545,14.4303,8.05,35905,30732,2808,3381,3516,43453,34830,1.4,1.38,1.69,18.1,101.74,2.09,6,5.5,35.87,8.22,6.84,149,-929,-26.4,3595,102.2,102.2
1917,218004,184542,241056,222340,117.8702,14.5515,8.88,25617,26233,3473,4184,4350,43556,34831,1.74,1.76,2.12,25.2,103.87,2.69,5,5.13,38.88,9.03,8.06,135,-1143,-26.3,5457,125.4,125.4
1918,222766,188434,245734,227197,120.384,14.8693,11.54,20010,26738,4120,4968,5163,43516,34805,2.02,2.19,2.59,22,105.67,2.96,5,5,43.51,6.27,5.56,141,-1288,-24.9,7091,137.3,137.3
1919,200732,169657,226530,204725,108.4394,13.3986,2,29369,30059,4422,5337,5545,43441,34634,2.36,2.5,2.85,10.1,109.63,3.16,6,5.17,46,5.27,4.7,140,-411,-7.4,7777,140.2,140.2
1920,185286,156558,213408,188972,100,12.3676,-5.01,31507,29891,4837,5843,6119,43729,34968,2.74,2.88,3.29,15.4,109.58,3.82,7,6.75,32.48,6.3,5.71,99,21,0.3,7686,125.6,125.6
1921,166492,140713,192684,169804,89.8567,11.1131,-14.84,25011,26374,3970,4800,4800,43965,35274,2.49,2.7,3.01,-8.6,112.13,2.46,5,6,33.34,4.97,4.67,94,-71,-1.5,7696,160.4,160.4
1922,176904,149547,202914,180424,95.4763,11.8081,-8.28,31546,30300,3611,4361,4361,44394,35519,2.15,2.17,2.58,-14,104.81,2.03,3,3.63,39.21,6.28,5.78,91,2,0,7790,178.6,178.6
1923,182423,154248,208925,186052,98.4546,12.1765,-5.14,34619,32467,3450,4163,4163,44628,35745,1.99,2,2.43,-6,102.96,2,4,3.5,38.64,6.77,6.27,89,42,1,7734,185.8,185.8
1924,191378,161856,218786,195185,103.2874,12.7742,-0.7,35786,35657,3543,4272,4272,44935,36065,1.95,2.03,2.41,-0.7,105.3,2.15,4,4,42.31,6.91,6.42,89,-13,-0.3,7676,179.7,179.7
1925,198406,167839,226485,202353,107.0806,13.2433,2.2,35553,36638,3661,4411,4411,45085,36198,1.95,2.05,2.42,0.3,106.05,2.09,5,4.58,44.18,6.7,6.2,87,-48,-1.1,7642,173.3,173.3
1926,191950,162415,219419,195769,103.5965,12.8124,-2.1,32674,38028,3535,4255,4255,45265,36383,1.94,2,2.4,-0.8,104.21,1.96,5,5,45.24,6.88,6.38,88,-98,-2.3,7648,179.7,179.7
1927,207621,175714,236293,211751,112.0539,13.8584,4.53,36797,38642,3742,4500,4500,45429,36562,1.9,2.04,2.34,-2.4,108.99,1.89,4.5,4.63,48.98,7.12,6.37,86,-27,-0.6,7636,169.7,169.7
1928,209339,177208,238403,213503,112.9812,13.9731,3.97,37031,37456,3745,4500,4500,45626,36796,1.89,2.01,2.34,-0.3,107.65,1.86,4.5,4.5,52.95,6.73,5.83,84,-6,-0.1,7623,169.4,169.4
1929,215534,182494,245205,219822,116.3248,14.3866,5.36,38275,39337,3823,4591,4591,45730,36923,1.87,2.02,2.31,-0.9,109.19,1.76,5,5.5,49.04,11.93,10.63,84,-32,-0.7,7602,165.6,165.6
1930,213608,180903,243254,217857,115.2852,14.258,2.79,32908,38846,3764,4515,4515,45891,37172,1.86,2,2.25,-2.8,111.18,1.48,3,3.38,39.51,11.51,10.11,81,-66,-1.5,7586,168,168
1931,202987,171948,231969,207025,109.5532,13.5491,-4.21,26528,40277,3524,4224,4224,46074,37395,1.82,1.96,2.15,-4.3,113.77,1.28,6,4.17,30.24,11.69,10.51,78,-98,-2.3,7632,180.7,180.7
1932,203872,172808,232128,207928,110.0309,13.6082,-5.98,25945,35943,3450,4133,4133,46335,37619,1.78,1.92,2.1,-2.6,114.33,1.24,2,2.83,31.94,12.51,11.34,69,-23,-0.6,7807,188.9,188.9
1933,210588,178615,239510,214777,113.6555,14.0565,-5.32,26373,35902,3513,4206,4206,46520,37782,1.76,1.91,2.05,-2.1,116.15,1.23,2,2,36.14,14.4,12.92,70,19,0.5,7988,189.9,189.9
1934,223656,189820,253801,228105,120.7081,14.9287,-2.25,27384,37538,3694,4421,4421,46666,37913,1.74,1.93,2.05,0,117.42,1.26,2,2,37.84,14.96,12.97,72,23,0.5,7934,179.5,179.5
1935,231881,196928,263187,236494,125.1475,15.4778,-1.89,30885,39378,3862,4619,4619,46869,38107,1.75,1.96,2.07,0.7,118.48,1.3,2,2,40.04,14.17,12.47,73,-15,-0.3,7902,171.1,171.1
1936,243283,206743,275737,248122,131.3009,16.2388,-0.56,30029,40277,4083,4881,4881,47081,38322,1.77,2.01,2.08,0.7,120.77,1.37,2,2,45.91,13.62,12.31,75,-36,-0.7,7908,162,162
1937,251717,214047,285387,256724,135.8528,16.8018,-0.75,31546,41790,4369,5220,5220,47289,38552,1.83,2.06,2.15,3.4,119.81,1.58,2,2,38.51,14,12.8,76,-79,-1.5,8089,155,155
1938,253383,215602,287602,258423,136.7519,16.913,-3.71,29407,40972,4508,5384,5384,47494,38749,1.87,2.15,2.19,1.6,122.66,1.41,2,2,34.81,13.46,12.46,79,-204,-3.8,8263,153.5,153.5
1939,265149,225758,300258,270423,143.102,17.6983,-2.69,27306,44407,4853,5791,5791,47762,38973,1.93,2.17,2.25,2.8,120.47,1.48,2,2.25,33.61,12.99,11.99,84,-493,-8.5,8888,153.5,153.5
1940,295084,251407,330052,300954,159.2582,19.6965,4.74,18515,46534,5894,7030,7030,48226,39339,2.13,2.79,2.63,16.8,132.76,1.98,2,2,31.17,13.51,12.66,90,-1850,-26.3,10935,155.6,155.6
1941,322364,274825,358791,328777,173.9815,21.5174,10.74,15909,39787,7105,8470,8470,48216,39145,2.36,3.05,2.91,10.8,130.95,2.19,2,2,33.21,11.92,11.53,96,-2294,-27.1,13558,160.1,160.1
1942,328924,280596,365224,335467,177.5218,21.9552,10.47,14392,33571,7789,9281,9281,48400,39371,2.54,3.43,3.12,7.1,137.66,2.34,2,2,35.54,11.79,11.42,105,-2397,-25.8,16311,175.7,175.7
1943,334807,285797,371499,341467,180.6968,22.3479,10.53,15870,33326,8295,9878,9878,48789,39803,2.66,3.78,3.22,3.4,146.41,2.37,2,2,37.84,13.01,12.66,114,-2385,-24.1,19059,192.9,192.9
1944,318563,272106,355152,324900,171.9303,21.2637,4.34,20071,37047,8371,9964,9964,49016,40000,2.81,3.84,3.31,2.7,144.91,2.44,2,2,39.98,13.98,13.75,124,-2342,-23.5,21842,219.2,219.2
1945,301644,257818,338911,307644,162.7985,20.1343,-2.02,16415,34553,8151,9697,9697,49182,40214,2.86,3.82,3.4,2.8,140.2,2.51,2,2,41.81,15.6,15.27,131,-1736,-17.9,23466,242,242
1946,292793,250413,330579,298617,158.0219,19.5436,-5.82,27579,35248,8206,9756,9756,49217,40227,2.95,3.97,3.51,3.1,141.52,2.73,2,2,43.41,17.76,16.97,142,-623,-6.4,25271,259,259
1947,288941,247276,326360,294688,155.9427,19.2864,-8.1,27617,35370,8873,10544,10544,49539,40549,3.23,4.27,3.75,7,142.28,3.44,2,2,41.08,18.82,18.06,147,-97,-0.9,25772,244.4,244.4
1948,299509,256333,336854,305467,161.6465,19.9918,-5.75,33647,34593,9751,11581,11581,50033,40950,3.44,4.66,4.04,7.7,143.97,3.99,2,2,40.54,16.74,15.61,169,480,4.1,25442,219.7,219.7
1949,310671,265557,348243,316258,167.3569,20.6981,-3.87,37332,37309,10398,12343,12343,50331,41214,3.54,4.86,4.16,2.8,145.98,4.23,2,2,38.98,14.97,14.34,170,582,4.7,25758,208.7,208.7
1950,320464,274731,359774,326976,173.0286,21.3995,-2.5,42641,37630,10890,12920,12920,50572,41421,3.59,5.08,4.32,3.92,147.08,4.99,2,2,40.52,15.13,14.7,163,599,4.6,25916,200.6,200.6
1951,331648,285009,373254,338993,179.3878,22.186,-1.19,42213,40273,12234,14508,14508,50302,41228,3.89,5.58,4.71,9.05,148.08,6.62,2.5,2.08,41.5,13.73,13.26,163,94,0.6,25899,178.5,178.5
1952,338373,291068,379199,345995,183.0931,22.6443,-1.74,41366,37286,13297,15759,15759,50444,41367,4.16,6.04,5.21,10.65,144.78,6.79,4,3.75,39.4,12.39,12.16,163,-274,-1.7,26011,165.1,165.1
1953,357566,307952,400153,365848,193.5988,23.9436,1.01,43098,40229,14271,16903,16903,50593,41515,4.22,6.4,5.4,3.63,148.11,6.79,3.5,3.83,45.71,12.28,12.05,158,-532,-3.1,26450,156.5,156.5
1954,373614,321119,417347,381265,201.7572,24.9526,2.15,45524,41701,15065,17833,17833,50765,41673,4.27,6.82,5.52,2.29,154.18,6.84,3,3.17,61.47,11.59,11.43,161,-277,-1.6,26846,150.5,150.5
1955,387108,333635,433302,395891,209.497,25.9098,2.85,48665,45833,16388,19388,19388,50946,41838,4.47,7.4,5.8,5.07,159.25,7.05,4.5,4.42,62.44,11.75,11.37,166,56,0.3,27013,139.3,139.3
1956,394376,340485,440315,403780,213.6716,26.4261,1.72,50907,45998,17805,21052,21052,51184,42059,4.78,8,6.1,5.16,163.75,7.38,5.5,5.42,56.82,11.28,11.08,173,-173,-0.8,27016,128.3,128.3
1957,402797,347295,448743,411613,217.8167,26.9387,0.53,52247,47169,18891,22323,22323,51431,42296,4.97,8.43,6.34,3.84,166.28,7.52,7,5.71,54.92,10.72,10.47,180,-48,-0.2,27176,121.7,121.7
1958,406918,350776,454426,415493,219.8699,27.1927,-1.67,51463,47709,19858,23452,23452,51653,42494,5.16,8.73,6.52,2.88,167.2,7.58,4,5.21,73.15,10.43,10.25,182,27,0.1,27340,116.6,116.6
1959,422319,363877,473093,430756,227.9468,28.1916,-1.21,52877,50885,20840,24597,24597,51956,42763,5.2,8.96,6.56,0.6,170.74,7.6,4,4,104.9,10.22,10.03,185,-511,-2.1,27644,112.4,112.4
1960,450306,387730,502799,458723,242.7463,30.0219,1.93,55896,57015,22392,26412,26412,52373,43146,5.25,9.48,6.61,0.79,179.2,7.7,5,5.42,99.96,10.2,10.05,191,-670,-2.5,28122,106.5,106.5
1961,463124,398970,516253,471742,249.6357,30.874,1.59,57686,56609,23810,28069,28069,52807,43566,5.44,10.1,6.83,3.25,185.71,7.91,6,5.79,97.43,10.47,10.31,204,-708,-2.5,28569,101.8,101.8
1962,469020,404126,521906,477581,252.7255,31.2561,-0.28,58669,57812,24923,29374,29374,53290,44006,5.63,10.5,7.11,4.2,184.43,8.08,4.5,4.79,94.95,10.4,10.32,209,-495,-1.7,29555,100.6,100.6
1963,493612,411549,547364,486092,257.2294,31.8132,-1.6,61538,60006,26504,31229,31229,53624,44311,5.71,10.9,7.26,2.11,188.3,8.17,4,4,107.86,9.24,9.1,206,-612,-2,30132,96.5,96.5
1964,521278,435135,577677,513673,271.8246,33.6182,0.84,63565,66512,28970,34127,34127,53991,44648,5.91,11.9,7.5,3.23,197.95,8.41,7,5.25,97.43,9.07,9,208,-731,-2.1,30387,89,89
1965,534185,446719,589975,527063,278.9103,34.4946,0.35,66338,67134,31337,36906,36906,54350,44979,6.26,12.7,7.82,4.26,202.7,8.73,6,6.42,103.52,8.92,8.77,212,-742,-2,31116,84.3,84.3
1966,541616,453348,599211,534597,282.8972,34.9877,-1.26,69779,68841,33482,39423,39423,54645,45265,6.58,13.5,8.13,4,207.42,8.96,7,6.5,92.48,8.93,8.89,221,-751,-1.9,31825,80.7,80.7
1967,554064,463424,615879,546184,289.0288,35.746,-2.14,70157,73784,35454,41728,41728,54961,45562,6.78,14,8.31,2.24,210.5,9.06,8,6.21,122.18,8.96,8.86,220,-1360,-3.3,33642,80.6,80.6
1968,585261,490316,649439,577568,305.6365,37.8,0.45,78768,79370,38931,45809,45809,55213,45791,7.05,15.2,8.64,4,219.51,9.41,7,7.42,168.6,7.9,8.88,235,-807,-1.8,34037,74.3,74.3
1969,596905,500874,661919,589687,312.0496,38.5931,-0.4,86478,81971,42236,49682,49682,55459,46014,7.51,16.4,9.09,5.2,224.74,9.78,8,7.92,142.31,8.45,8.41,215,558,1.1,33305,67,67
1970,612620,514095,679900,604926,320.1138,39.5905,-0.7,91071,86004,47546,55916,55916,55629,46167,8.22,18.4,9.69,6.52,237.75,10.47,7,7.21,133.61,7.82,7.78,243,755,1.4,33351,59.6,59.6
1971,635811,534007,703556,628018,332.3335,41.1018,0.31,97592,90524,53271,62640,62640,55928,46412,8.9,20.6,10.6,9.41,243.36,11.41,5,5.92,187.66,8.35,8.27,247,-255,-0.4,35241,56.3,56.3
1972,663487,555366,733770,654083,346.1266,42.8076,1.8,98855,99457,59772,70305,70305,56097,46572,9.58,23.2,11.36,7.19,255.69,12,9,6.08,221.39,6.77,6.71,290,-1493,-2.1,36624,52.1,52.1
1973,708711,593071,781583,698796,369.7877,45.7339,6.02,111241,110498,69238,81467,81467,56223,46686,10.42,26.6,12.42,9.35,267.72,12.9,13,10.1,144.97,7.8,7.75,319,-2740,-3.4,39315,48.3,48.3
1974,692700,579324,762257,682897,361.3743,44.6934,1.53,119667,111782,78359,92227,92227,56236,46683,12.1,31.7,14.38,15.73,275.1,15.78,11.5,11.9,65.26,8.06,8.03,362,-4310,-4.7,49105,53.2,53.2
1975,682698,570632,750912,672946,356.1085,44.0422,-1.97,116461,104672,97294,114541,114541,56226,46674,15.25,40.8,17.64,22.7,289.13,19.4,11.25,10.75,154.28,7.53,7.51,530,-7211,-6.3,61579,53.8,53.8
1976,701255,587564,772852,693217,366.8354,45.3688,-0.92,127193,110107,115638,136172,136172,56216,46660,17.62,47.6,20.4,15.66,291.23,22.6,14.25,11.81,141.53,6.7,6.69,514,-7961,-5.8,71366,52.4,52.4
1977,717440,601972,791889,710527,375.9955,46.5017,-0.32,135904,112242,134824,158786,158786,56190,46640,20.05,52.3,23.45,14.94,278.62,26.89,7,8.17,211.56,5.99,5.98,556,-5836,-3.7,78050,49.2,49.2
1978,744171,623436,825111,736183,389.5721,48.1808,1.4,138450,116538,156959,184891,184891,56178,46638,22.41,59.2,25.2,7.47,293.64,29.3,12.5,9.25,224.4,6.3,6.29,620,-8334,-4.5,86339,46.7,46.7
1979,768885,644426,855933,761303,402.8651,49.8248,2.93,143660,127756,186354,219559,219559,56240,46698,25.65,69.1,28.07,11.37,307.77,32.77,17,14.13,230.77,5.51,5.51,667,-9364,-4.3,95795,43.6,43.6
1980,753463,631424,838462,746269,394.9094,48.8409,-0.92,143304,123425,219282,258411,258411,56330,46787,30.82,84,32.32,15.15,324.66,38,14,16.17,292.72,5.04,5.03,733,-10041,-3.9,109924,42.5,42.5
1981,749574,626542,831931,740824,392.028,48.4845,-3.62,142559,120111,244222,287850,287850,56358,46821,34.6,95.6,36.14,11.81,330.38,42.06,14.5,13.13,310.04,4.69,4.68,1043,-8825,-3.1,122358,42.5,42.5
1982,766837,640149,848700,756518,400.333,49.5117,-3.65,144249,126038,268727,316698,316698,56291,46777,37.32,104.8,39.07,8.11,335.22,45.65,10.25,11.83,379.4,4.41,4.41,673,-7359,-2.3,130709,41.3,41.3
1983,798963,666701,884520,787485,416.72,51.5384,-1.96,147173,134359,295546,348283,348283,56316,46814,39.38,113.9,41,4.93,347.15,48.62,9,9.79,464.97,5.04,5.04,1837,-10582,-3,140840,40.4,40.4
1984,814588,679912,904639,802671,424.7561,52.5322,-2.55,157232,147622,317843,374534,374534,56409,46912,41.4,121,42.74,4.26,353.74,51.51,9.75,9.75,577.75,4.11,4.11,1308,-12423,-3.3,153664,41,41
1985,850472,710646,942519,838515,443.724,54.8781,-0.83,166397,151366,349762,412120,412120,56554,47057,43.73,131.8,44.84,4.92,367.17,54.7,11.5,12.33,674.53,5.23,5.23,1667,-10563,-2.6,161102,39.1,39.1
1986,874906,731075,972239,862170,456.2417,56.4263,-0.78,173338,161896,376896,444033,444033,56684,47188,45.67,142.3,46.34,3.33,383.6,55.45,11,10.83,817.98,4.66,4.66,1604,-8957,-2,166431,37.5,37.5
1987,921096,769990,1024346,907589,480.2765,59.3988,1.6,184543,174862,418198,492635,492635,56804,47300,48.09,153.5,47.82,3.2,401.12,57.34,8.5,9.63,844.74,3.89,3.88,1744,-6594,-1.3,167474,34,34
1988,973504,814284,1083629,959298,507.6398,62.783,4.43,186710,197303,468396,551709,551709,56916,47412,50.91,167.7,49.62,3.76,422.14,59.45,13,10.29,914.63,3.43,3.43,1868,3574,0.6,157135,28.5,28.5
1989,999421,836257,1111618,984669,521.0655,64.4434,4.43,196093,212063,517495,609474,609474,57076,47553,54.83,183.7,52.22,5.24,439.57,62.29,15,13.92,1175.26,3.14,3.14,1909,3801,0.6,152374,25,25
1990,1008975,843827,1119587,993064,525.508,64.9928,2.8,207133,213341,562874,662850,662850,57237,47699,59.2,203.1,55.86,6.97,454.3,66.18,14,14.75,1040.25,3.06,3.06,2019,-4281,-0.6,151267,22.8,22.8
1991,1001702,838486,1107059,986263,521.909,64.5477,-0.29,207682,204065,592840,698038,698038,57439,47875,63.05,218.9,60.07,7.53,455.35,69.74,10.5,11.54,1156.9,2.97,2.97,2054,-18374,-2.6,162074,23.2,23.2
1992,1006832,842064,1111043,991299,524.574,64.8773,-2.15,216556,217926,611985,721445,721445,57585,47998,64.93,232.1,62.63,4.26,462.92,71.91,7,9.42,1324.08,2.91,2.9,2085,-40549,-5.6,192851,26.7,26.7
1993,1032585,863520,1138897,1017407,538.3898,66.586,-1.95,226286,225306,642572,758445,758445,57714,48102,66.59,239,64.2,2.51,465.07,74.76,5.5,5.92,1628.88,3.41,3.4,2182,-51391,-6.8,234900,31,31
1994,1070171,893698,1183144,1053844,557.6715,68.9707,-0.89,247265,238668,674479,797088,797088,57862,48229,67.37,248,65.47,1.98,473.24,76.63,6.25,5.48,1502.42,3.47,3.47,2292,-46482,-5.8,278400,34.9,34.9
1995,1093489,912328,1212798,1076715,569.7743,70.4675,-1.29,270744,251970,707090,836646,836646,58025,48383,68.98,256.1,67.21,2.66,476.04,79.71,6.5,6.69,1783.3,3.04,3.03,2311,-39160,-4.7,313600,37.5,37.5
1996,1119779,933012,1243709,1102051,583.1816,72.1257,-1.59,290776,275924,753700,892900,892900,58164,48519,71.79,265.4,68.82,2.4,481.75,81.83,6,5.96,1976.41,3.01,3.01,2412,-29840,-3.3,341900,38.3,38.3
1997,1152278,959180,1282602,1133913,600.0422,74.211,-1.45,313626,298667,791512,938855,938855,58314,48665,73.2,277.1,70.07,1.82,494,82.63,7.25,6.58,2388.17,3.01,3.01,2531,-15444,-1.6,364000,38.8,38.8
1998,1191098,995050,1323527,1171832,620.1082,76.6926,-0.92,323973,326008,831004,980308,980308,58475,48821,74.07,291.5,71.17,1.56,511.74,82.68,6.25,7.21,2595.88,3.48,3.48,2643,544,0.1,361200,36.8,36.8
1999,1231936,1032086,1366983,1211899,641.3107,79.3149,-0.35,330714,347635,867865,1021205,1021205,58684,49033,74.71,304.8,72.11,1.33,528.14,83.13,5.5,5.33,3146.68,10.4,10.4,2817,11038,1.1,364400,35.7,35.7
2000,1278830,1065145,1418176,1257937,665.6731,82.3279,0.62,361425,379741,912958,1080863,1080863,58886,49233,76.22,317.7,72.69,0.8,546.01,84.32,6,5.98,2989.69,7.91,7.91,3001,19281,1.8,328200,30.4,30.4
2001,1310431,1094100,1456837,1288852,682.0326,84.3512,0.36,363181,392150,949396,1120575,1120575,59113,49450,76.92,334,73.58,1.23,567.09,84.07,4,5.08,2507.59,3.5,3.5,3165,6610,0.6,328800,29.3,29.3
2002,1338365,1119332,1491761,1316157,696.4818,86.1382,-0.11,365913,408078,996419,1172652,1172652,59366,49679,78.61,344.6,74.51,1.26,577.79,83.96,4,4,1900.53,3.69,3.69,3286,-19227,-1.6,358800,30.6,30.6
2003,1385736,1160630,1543468,1362805,721.1669,89.1912,0.97,385720,429096,1055844,1242449,1242449,59637,49926,80.5,355.7,75.52,1.36,588.36,84.52,3.75,3.69,2168.87,3.98,3.98,3428,-32226,-2.6,390200,31.4,31.4
2004,1418069,1183895,1582486,1394537,737.9588,91.268,1.06,407921,460394,1105922,1304874,1304874,59950,50195,82.46,371.2,76.54,1.34,605.86,85.35,4.75,4.4,2372.41,3.91,3.91,3546,-35039,-2.7,448700,34.4,34.4
2005,1464210,1220022,1629519,1440512,762.2878,94.2769,2.32,430378,480161,1165804,1379457,1379457,60413,50606,84.65,388.5,78.11,2.06,621.37,87.01,4.5,4.65,2805.81,4.27,4.27,3667,-39981,-2.9,492200,35.7,35.7
2006,1500097,1245799,1670306,1476326,781.2398,96.6208,3.05,471697,515865,1225089,1455644,1455644,60827,50965,87.15,406.8,79.93,2.33,635.76,88.77,5,4.65,3189.64,4.48,4.48,3796,-37326,-2.6,527300,36.2,36.2
2007,1538059,1281452,1712996,1513717,801.0263,99.0679,4.07,489880,535235,1290968,1530890,1530890,61319,51381,89.37,426.6,81.79,2.32,651.62,90.81,5.5,5.52,3267.13,5.29,5.29,3853,-36970,-2.4,562500,36.7,36.7
2008,1531690,1273438,1702252,1507405,797.6861,98.6548,2.38,495451,525446,1318765,1564252,1564252,61824,51816,91.89,441.8,84.73,3.6,651.33,96.94,2,4.63,2128.8,6.38,6.38,3948,-81776,-5.2,733300,46.9,46.9
2009,1463182,1218986,1628583,1438457,761.2003,94.1424,-3.44,452338,477277,1285670,1519459,1519459,62260,52196,93.3,441.4,86.57,2.17,637.04,97.4,0.5,0.63,2708.09,10.77,10.77,3996,-153828,-10.1,938900,61.8,61.8
2010,1494588,1245286,1659772,1467124,776.3703,96.0185,-2.55,478555,516287,1333865,1572439,1572439,62759,52642,94.74,451.6,89.42,3.3,630.91,100.02,0.5,0.5,3039.82,16.27,16.27,4078,-143625,-9.1,1136900,72.3,72.3
2011,1514583,1262386,1684820,1488708,787.7921,97.4311,-2.2,506505,520431,1380639,1628274,1628274,63285,53107,96.64,462.2,93.41,4.46,618.1,104.77,0.5,0.5,2814.19,15.37,15.37,4108,-115260,-7.1,1240700,76.2,76.2
2012,1530435,1282939,1706942,1505417,796.6341,98.5247,-2.25,509954,536270,1427604,1675044,1675044,63705,53494,98.13,468.5,96.06,2.83,609.34,106.96,0.5,0.5,3099.08,19.13,19.13,4266,-129346,-7.7,1349700,80.6,80.6
2013,1551553,1302596,1739563,1527959,808.5629,100,-2.01,515827,555065,1483697,1739563,1739563,64106,53866,100,474,98.52,2.56,601.08,108.38,0.5,0.5,3514.58,24.13,24.13,4296,-102902,-5.9,1454000,83.6,83.6
2014,1604169,1352028,1792976,1580198,836.2066,103.4189,0.04,524340,570153,1561674,1822480,1822480,64597,54317,101.65,479.8,99.96,1.46,599.71,108.36,0.5,0.5,3511.38,23.17,23.17,4487,-101637,-5.6,1556000,85.4,85.4
2015,1642802,1388074,1832318,1618725,856.5943,105.9403,1.09,556220,601617,1607907,1872714,1872714,65110,54786,102.2,491.5,100,0.04,614.05,106.56,0.5,0.5,3401.18,22.54,22.54,4655,-79005,-4.2,1610500,86,86
2016,1672084,1413759,1865410,1648678,872.4447,107.9007,1.55,566242,618536,1666863,1939637,1939637,65573,55219,103.98,503.2,100.66,0.66,624.5,106.47,0.25,0.4,3779.3,22.4,22.4,4795,-56801,-2.9,1701800,87.7,87.7
